{"cameraMode":{"drawMode":0,"name":"Shaded","section":"Shading Mode"},"sceneLighting":false,"audioPlay":false,"sceneViewState":{"showFog":true,"showMaterialUpdate":false,"showSkybox":false,"showFlares":true,"showImageEffects":true,"showParticleSystems":true},"in2DMode":false,"pivot":{"x":-0.4952881336212158,"y":1.7088954448699952,"z":0.0012679845094680787},"rotation":{"x":-0.18893522024154664,"y":0.29518234729766848,"z":-0.0596439428627491,"w":-0.9347034096717835},"size":2.062101125717163,"orthographic":false}