{"cameraMode":{"drawMode":0,"name":"Shaded","section":"Shading Mode"},"sceneLighting":true,"audioPlay":false,"sceneViewState":{"showFog":true,"showMaterialUpdate":false,"showSkybox":true,"showFlares":true,"showImageEffects":true,"showParticleSystems":true},"in2DMode":false,"pivot":{"x":116.21566772460938,"y":6.346665382385254,"z":-96.82894134521485},"rotation":{"x":0.018824875354766847,"y":0.8940236568450928,"z":-0.037748124450445178,"w":0.44607600569725039},"size":1.4018298387527466,"orthographic":false}